business_id,month,risk_target,anomaly_prediction,anomaly_score,anomaly_status
MSME001,2025-12-01,0,1,0.021760076082160018,NORMAL
MSME001,2026-01-01,0,1,0.004758080041804558,NORMAL
MSME001,2026-02-01,0,1,0.013958434933909913,NORMAL
MSME001,2026-03-01,0,1,0.006810199228503677,NORMAL
MSME001,2026-04-01,0,1,0.016450351475157055,NORMAL
MSME001,2026-05-01,0,1,0.012836538744277814,NORMAL
MSME001,2026-06-01,0,1,0.002194236021809459,NORMAL
MSME002,2025-12-01,0,1,0.08133042246518773,NORMAL
MSME002,2026-01-01,0,1,0.063635389800971,NORMAL
MSME002,2026-02-01,0,1,0.0691634796759929,NORMAL
MSME002,2026-03-01,0,1,0.06856801952133273,NORMAL
MSME002,2026-04-01,0,1,0.0684974421009023,NORMAL
MSME002,2026-05-01,0,1,0.049724917123482704,NORMAL
MSME002,2026-06-01,1,1,0.04538277961700388,NORMAL
MSME003,2025-12-01,0,1,0.04408072347380504,NORMAL
MSME003,2026-01-01,0,1,0.041179974394540686,NORMAL
MSME003,2026-02-01,0,1,0.06774439482238159,NORMAL
MSME003,2026-03-01,0,1,0.04250968072938027,NORMAL
MSME003,2026-04-01,0,1,0.058958871378778865,NORMAL
MSME003,2026-05-01,0,1,0.05161712359974657,NORMAL
MSME003,2026-06-01,0,1,0.05224495362346859,NORMAL
MSME004,2025-12-01,0,1,0.10131592628219788,NORMAL
MSME004,2026-01-01,0,1,0.09017037286997659,NORMAL
MSME004,2026-02-01,0,1,0.08470223669611071,NORMAL
MSME004,2026-03-01,0,1,0.08354964577359136,NORMAL
MSME004,2026-04-01,0,1,0.08307037535044004,NORMAL
MSME004,2026-05-01,0,1,0.07821445770162505,NORMAL
MSME004,2026-06-01,0,1,0.06559110486808639,NORMAL
MSME005,2025-12-01,0,1,0.04623096681940064,NORMAL
MSME005,2026-01-01,0,1,0.027407980086337047,NORMAL
MSME005,2026-02-01,0,1,0.03139464824782068,NORMAL
MSME005,2026-03-01,0,1,0.03347673659631345,NORMAL
MSME005,2026-04-01,0,1,0.03659531692523027,NORMAL
MSME005,2026-05-01,0,1,0.021666080804534582,NORMAL
MSME005,2026-06-01,0,1,0.024636217657177717,NORMAL
MSME006,2025-12-01,1,1,0.0341717726982973,NORMAL
MSME006,2026-01-01,1,1,0.045879808831621405,NORMAL
MSME006,2026-02-01,1,1,0.034531968032886495,NORMAL
MSME006,2026-03-01,1,1,0.05705232835820717,NORMAL
MSME006,2026-04-01,1,1,0.056181148277300474,NORMAL
MSME006,2026-05-01,1,1,0.04427609507041047,NORMAL
MSME006,2026-06-01,1,1,0.046514906495576436,NORMAL
MSME007,2025-12-01,0,1,0.06943489216939641,NORMAL
MSME007,2026-01-01,0,1,0.051690877680852176,NORMAL
MSME007,2026-02-01,0,1,0.06302761526634665,NORMAL
MSME007,2026-03-01,0,1,0.06319255592170198,NORMAL
MSME007,2026-04-01,0,1,0.06295127166188563,NORMAL
MSME007,2026-05-01,0,1,0.06186236607651774,NORMAL
MSME007,2026-06-01,0,1,0.04609707387223372,NORMAL
MSME008,2025-12-01,0,-1,-0.06248582112779444,ANOMALY
MSME008,2026-01-01,0,-1,-0.08738170153767721,ANOMALY
MSME008,2026-02-01,0,-1,-0.09695165343183954,ANOMALY
MSME008,2026-03-01,0,-1,-0.08361245616892532,ANOMALY
MSME008,2026-04-01,0,-1,-0.08546961528465158,ANOMALY
MSME008,2026-05-01,0,-1,-0.08630908754075317,ANOMALY
MSME008,2026-06-01,0,-1,-0.08591853007374917,ANOMALY
MSME009,2025-12-01,0,1,0.02182264388189925,NORMAL
MSME009,2026-01-01,0,1,0.007139650583853574,NORMAL
MSME009,2026-02-01,0,-1,-0.0005188718803781356,ANOMALY
MSME009,2026-03-01,0,1,0.002700333031144031,NORMAL
MSME009,2026-04-01,0,1,0.0020014692969528847,NORMAL
MSME009,2026-05-01,0,1,0.0026802138774463247,NORMAL
MSME009,2026-06-01,0,-1,-0.0007965454543684691,ANOMALY
MSME010,2025-12-01,0,1,0.06358278148894286,NORMAL
MSME010,2026-01-01,0,1,0.06120360883930498,NORMAL
MSME010,2026-02-01,0,1,0.043456188075133684,NORMAL
MSME010,2026-03-01,0,1,0.03654178491988208,NORMAL
MSME010,2026-04-01,0,1,0.03712829265078077,NORMAL
MSME010,2026-05-01,0,1,0.027151360958828197,NORMAL
MSME010,2026-06-01,0,1,0.023795098339759124,NORMAL
MSME011,2025-12-01,0,1,0.00601846611179413,NORMAL
MSME011,2026-01-01,0,-1,-0.003328489938540291,ANOMALY
MSME011,2026-02-01,0,-1,-0.028627558027752853,ANOMALY
MSME011,2026-03-01,0,-1,-0.013356465010317842,ANOMALY
MSME011,2026-04-01,0,-1,-0.012658983456380835,ANOMALY
MSME011,2026-05-01,0,-1,-0.017303136518724727,ANOMALY
MSME011,2026-06-01,0,-1,-0.016439373441127114,ANOMALY
MSME012,2025-12-01,0,1,0.01901814866284235,NORMAL
MSME012,2026-01-01,0,1,0.005950018365547316,NORMAL
MSME012,2026-02-01,0,1,0.015839279210315693,NORMAL
MSME012,2026-03-01,0,1,0.005113874174849986,NORMAL
MSME012,2026-04-01,0,-1,-0.005533996056651946,ANOMALY
MSME012,2026-05-01,0,-1,-0.0023830837022728035,ANOMALY
MSME012,2026-06-01,0,-1,-0.002365140763282425,ANOMALY
MSME013,2025-12-01,0,1,0.056692244005089265,NORMAL
MSME013,2026-01-01,0,1,0.059149605366793756,NORMAL
MSME013,2026-02-01,0,1,0.05894790087459528,NORMAL
MSME013,2026-03-01,0,1,0.058853741141798754,NORMAL
MSME013,2026-04-01,0,1,0.0619590380175008,NORMAL
MSME013,2026-05-01,0,1,0.059211101298292435,NORMAL
MSME013,2026-06-01,0,1,0.04643108014343367,NORMAL
MSME014,2025-12-01,0,-1,-0.062033766935806645,ANOMALY
MSME014,2026-01-01,0,-1,-0.06911546016398196,ANOMALY
MSME014,2026-02-01,0,-1,-0.06539891738199266,ANOMALY
MSME014,2026-03-01,0,-1,-0.08251980888561605,ANOMALY
MSME014,2026-04-01,0,-1,-0.07055619643746402,ANOMALY
MSME014,2026-05-01,0,-1,-0.06381729566001704,ANOMALY
MSME014,2026-06-01,0,-1,-0.06245681493843258,ANOMALY
MSME015,2025-12-01,0,-1,-0.02546462506856273,ANOMALY
MSME015,2026-01-01,0,-1,-0.0300866680214692,ANOMALY
MSME015,2026-02-01,0,-1,-0.030469023032684506,ANOMALY
MSME015,2026-03-01,0,-1,-0.0381195844200527,ANOMALY
MSME015,2026-04-01,0,-1,-0.0473689308934786,ANOMALY
MSME015,2026-05-01,0,-1,-0.03717881007524915,ANOMALY
MSME015,2026-06-01,0,-1,-0.023537963626056646,ANOMALY
MSME016,2025-12-01,0,1,0.03875156930574458,NORMAL
MSME016,2026-01-01,0,1,0.004926378986357394,NORMAL
MSME016,2026-02-01,0,1,0.01930849989120864,NORMAL
MSME016,2026-03-01,0,1,0.018967412426437846,NORMAL
MSME016,2026-04-01,0,1,0.019490484952202403,NORMAL
MSME016,2026-05-01,0,1,0.019554709398850956,NORMAL
MSME016,2026-06-01,0,1,0.013162084100473703,NORMAL
MSME017,2025-12-01,0,1,0.11044097300120415,NORMAL
MSME017,2026-01-01,0,1,0.0738356728370691,NORMAL
MSME017,2026-02-01,0,1,0.10774802860233196,NORMAL
MSME017,2026-03-01,0,1,0.1062604799877116,NORMAL
MSME017,2026-04-01,0,1,0.10272450179305581,NORMAL
MSME017,2026-05-01,0,1,0.0773423025436038,NORMAL
MSME017,2026-06-01,0,1,0.08059995615877552,NORMAL
MSME018,2025-12-01,0,1,0.05530295060871848,NORMAL
MSME018,2026-01-01,0,1,0.0744713425343228,NORMAL
MSME018,2026-02-01,0,1,0.07003558233021512,NORMAL
MSME018,2026-03-01,0,1,0.046906962291499876,NORMAL
MSME018,2026-04-01,0,1,0.05794002998748349,NORMAL
MSME018,2026-05-01,0,1,0.05467807987386153,NORMAL
MSME018,2026-06-01,0,1,0.052695469159481756,NORMAL
MSME019,2025-12-01,0,1,0.08611711644640879,NORMAL
MSME019,2026-01-01,0,1,0.09564064798734562,NORMAL
MSME019,2026-02-01,0,1,0.0970857813092777,NORMAL
MSME019,2026-03-01,0,1,0.0968245255945464,NORMAL
MSME019,2026-04-01,0,1,0.09497672351078018,NORMAL
MSME019,2026-05-01,0,1,0.07964420046337584,NORMAL
MSME019,2026-06-01,0,1,0.07876646126559306,NORMAL
MSME020,2025-12-01,0,1,0.10006618531994332,NORMAL
MSME020,2026-01-01,0,1,0.11742569154391153,NORMAL
MSME020,2026-02-01,0,1,0.11733766892310815,NORMAL
MSME020,2026-03-01,0,1,0.10619472203846991,NORMAL
MSME020,2026-04-01,0,1,0.10483279651936955,NORMAL
MSME020,2026-05-01,0,1,0.09851834798475961,NORMAL
MSME020,2026-06-01,0,1,0.09228750696331545,NORMAL
MSME021,2025-12-01,0,1,0.03839284283262512,NORMAL
MSME021,2026-01-01,0,1,0.03709980030801713,NORMAL
MSME021,2026-02-01,0,1,0.03848675256729461,NORMAL
MSME021,2026-03-01,0,1,0.03551784665816882,NORMAL
MSME021,2026-04-01,0,1,0.04482690483686724,NORMAL
MSME021,2026-05-01,0,1,0.03525005987352192,NORMAL
MSME021,2026-06-01,0,1,0.030434105754073237,NORMAL
MSME022,2025-12-01,0,1,0.04372616352627984,NORMAL
MSME022,2026-01-01,0,1,0.0380309756824187,NORMAL
MSME022,2026-02-01,0,1,0.03589497308456202,NORMAL
MSME022,2026-03-01,0,1,0.04517758157466656,NORMAL
MSME022,2026-04-01,0,1,0.03992032196941797,NORMAL
MSME022,2026-05-01,0,1,0.032412296913291394,NORMAL
MSME022,2026-06-01,0,1,0.028444591236098105,NORMAL
MSME023,2025-12-01,0,1,0.047540166151786134,NORMAL
MSME023,2026-01-01,0,1,0.020506027060623655,NORMAL
MSME023,2026-02-01,0,1,0.027739160297763354,NORMAL
MSME023,2026-03-01,0,1,0.05478772902292822,NORMAL
MSME023,2026-04-01,0,1,0.04680063790128913,NORMAL
MSME023,2026-05-01,0,1,0.04699392591606211,NORMAL
MSME023,2026-06-01,0,1,0.0351397631447653,NORMAL
MSME024,2025-12-01,0,1,0.024318611885765673,NORMAL
MSME024,2026-01-01,0,1,0.023980565002125198,NORMAL
MSME024,2026-02-01,0,1,0.031123162761640843,NORMAL
MSME024,2026-03-01,0,1,0.02589464029426225,NORMAL
MSME024,2026-04-01,0,1,0.022775256415390688,NORMAL
MSME024,2026-05-01,0,1,0.02027015172500557,NORMAL
MSME024,2026-06-01,0,1,0.008297242345542744,NORMAL
MSME025,2025-12-01,0,-1,-0.009806840382599491,ANOMALY
MSME025,2026-01-01,0,-1,-0.03853381551019108,ANOMALY
MSME025,2026-02-01,0,-1,-0.03139169069232395,ANOMALY
MSME025,2026-03-01,0,-1,-0.03883850354194107,ANOMALY
MSME025,2026-04-01,0,-1,-0.04132532116906984,ANOMALY
MSME025,2026-05-01,0,-1,-0.0352447861690961,ANOMALY
MSME025,2026-06-01,0,-1,-0.03538782865686063,ANOMALY
MSME026,2025-12-01,0,1,0.04454886654352641,NORMAL
MSME026,2026-01-01,0,1,0.03830408630705462,NORMAL
MSME026,2026-02-01,0,1,0.048562397138663504,NORMAL
MSME026,2026-03-01,0,1,0.05284481888143089,NORMAL
MSME026,2026-04-01,0,1,0.049032842878737826,NORMAL
MSME026,2026-05-01,0,1,0.0487793839487759,NORMAL
MSME026,2026-06-01,0,1,0.028067005881883933,NORMAL
MSME027,2025-12-01,0,1,0.08127715003610858,NORMAL
MSME027,2026-01-01,0,1,0.05832735554349194,NORMAL
MSME027,2026-02-01,0,1,0.06748590338452337,NORMAL
MSME027,2026-03-01,0,1,0.07285424293723786,NORMAL
MSME027,2026-04-01,0,1,0.07915265105449176,NORMAL
MSME027,2026-05-01,0,1,0.05917986012919274,NORMAL
MSME027,2026-06-01,0,1,0.06068973193102928,NORMAL
MSME028,2025-12-01,0,1,0.06339990753410785,NORMAL
MSME028,2026-01-01,0,1,0.05420222991641094,NORMAL
MSME028,2026-02-01,0,1,0.011316740132471637,NORMAL
MSME028,2026-03-01,0,1,0.053454862005067105,NORMAL
MSME028,2026-04-01,0,1,0.04658039094914995,NORMAL
MSME028,2026-05-01,0,1,0.04489228717123672,NORMAL
MSME028,2026-06-01,0,1,0.03815544824566247,NORMAL
MSME029,2025-12-01,0,1,0.057633682948872944,NORMAL
MSME029,2026-01-01,0,1,0.0626508974447576,NORMAL
MSME029,2026-02-01,0,1,0.06117331066748094,NORMAL
MSME029,2026-03-01,0,1,0.06374024481736285,NORMAL
MSME029,2026-04-01,0,1,0.05596672585729373,NORMAL
MSME029,2026-05-01,0,1,0.038685472866624826,NORMAL
MSME029,2026-06-01,0,1,0.04873796086095139,NORMAL
MSME030,2025-12-01,0,1,0.08736922467832364,NORMAL
MSME030,2026-01-01,0,1,0.10014626561502554,NORMAL
MSME030,2026-02-01,0,1,0.08668651822128476,NORMAL
MSME030,2026-03-01,0,1,0.09975883807592623,NORMAL
MSME030,2026-04-01,0,1,0.09993939592270723,NORMAL
MSME030,2026-05-01,0,1,0.09112564103016385,NORMAL
MSME030,2026-06-01,0,1,0.08633213336160811,NORMAL
MSME031,2025-12-01,0,1,0.009070234834801072,NORMAL
MSME031,2026-01-01,0,-1,-0.0051695224518284455,ANOMALY
MSME031,2026-02-01,0,-1,-0.013322255387497539,ANOMALY
MSME031,2026-03-01,0,-1,-0.02729632859721587,ANOMALY
MSME031,2026-04-01,0,-1,-0.02356753680314283,ANOMALY
MSME031,2026-05-01,0,-1,-0.023070088673981748,ANOMALY
MSME031,2026-06-01,0,-1,-0.017023304972880293,ANOMALY
MSME032,2025-12-01,0,1,0.056114345593683335,NORMAL
MSME032,2026-01-01,0,1,0.055144740690920346,NORMAL
MSME032,2026-02-01,0,1,0.04686712632836332,NORMAL
MSME032,2026-03-01,0,1,0.06180336547790144,NORMAL
MSME032,2026-04-01,0,1,0.0608435037272243,NORMAL
MSME032,2026-05-01,0,1,0.05797879960577762,NORMAL
MSME032,2026-06-01,0,1,0.05582348315443081,NORMAL
MSME033,2025-12-01,0,1,0.023508699721649706,NORMAL
MSME033,2026-01-01,0,1,0.015455495185030754,NORMAL
MSME033,2026-02-01,0,1,0.0329075678732037,NORMAL
MSME033,2026-03-01,0,1,0.025861239130056113,NORMAL
MSME033,2026-04-01,0,1,0.01916837010583261,NORMAL
MSME033,2026-05-01,0,1,0.011468867695971996,NORMAL
MSME033,2026-06-01,0,1,0.008587125032336718,NORMAL
MSME034,2025-12-01,0,1,0.019029391967245846,NORMAL
MSME034,2026-01-01,0,-1,-0.005380517226134751,ANOMALY
MSME034,2026-02-01,0,1,0.012806961353910462,NORMAL
MSME034,2026-03-01,0,1,0.004294059241773063,NORMAL
MSME034,2026-04-01,0,1,0.0023993687707493105,NORMAL
MSME034,2026-05-01,0,1,0.003949097973181326,NORMAL
MSME034,2026-06-01,0,1,0.004152380570435321,NORMAL
MSME035,2025-12-01,0,1,0.03292444899040792,NORMAL
MSME035,2026-01-01,0,1,0.01217761526519967,NORMAL
MSME035,2026-02-01,0,1,0.010204689716898807,NORMAL
MSME035,2026-03-01,0,1,0.0011981903424511664,NORMAL
MSME035,2026-04-01,0,-1,-0.0099711005621681,ANOMALY
MSME035,2026-05-01,0,-1,-0.012033420610125023,ANOMALY
MSME035,2026-06-01,0,-1,-0.006235633792164519,ANOMALY
MSME036,2025-12-01,0,1,0.00218225135033967,NORMAL
MSME036,2026-01-01,0,1,0.015627530507405063,NORMAL
MSME036,2026-02-01,0,-1,-4.065864709912326e-05,ANOMALY
MSME036,2026-03-01,0,-1,-0.02134740199334728,ANOMALY
MSME036,2026-04-01,0,-1,-0.011140777855229378,ANOMALY
MSME036,2026-05-01,0,-1,-0.015361132823490942,ANOMALY
MSME036,2026-06-01,0,-1,-0.013324099412250212,ANOMALY
MSME037,2025-12-01,0,1,0.09151697712134454,NORMAL
MSME037,2026-01-01,0,1,0.1097277453111899,NORMAL
MSME037,2026-02-01,0,1,0.0953207050390435,NORMAL
MSME037,2026-03-01,0,1,0.09673610854376496,NORMAL
MSME037,2026-04-01,0,1,0.09951381569208512,NORMAL
MSME037,2026-05-01,0,1,0.09254299829618584,NORMAL
MSME037,2026-06-01,0,1,0.07364999728220023,NORMAL
MSME038,2025-12-01,0,1,0.07562221488159088,NORMAL
MSME038,2026-01-01,0,1,0.05103094583501988,NORMAL
MSME038,2026-02-01,0,1,0.06277953267969466,NORMAL
MSME038,2026-03-01,0,1,0.05655954700455501,NORMAL
MSME038,2026-04-01,0,1,0.0491726380054503,NORMAL
MSME038,2026-05-01,0,1,0.04452569835816095,NORMAL
MSME038,2026-06-01,0,1,0.045411863274198494,NORMAL
MSME039,2025-12-01,0,1,0.10087889589250593,NORMAL
MSME039,2026-01-01,0,1,0.10183175380761134,NORMAL
MSME039,2026-02-01,0,1,0.08371964710687008,NORMAL
MSME039,2026-03-01,0,1,0.11784555489077359,NORMAL
MSME039,2026-04-01,0,1,0.11771155249789256,NORMAL
MSME039,2026-05-01,1,1,0.12013202227339415,NORMAL
MSME039,2026-06-01,1,1,0.11473534082153258,NORMAL
MSME040,2025-12-01,0,1,0.09776924988086405,NORMAL
MSME040,2026-01-01,0,1,0.08017173101015584,NORMAL
MSME040,2026-02-01,0,1,0.10398039301210088,NORMAL
MSME040,2026-03-01,0,1,0.09448680267899623,NORMAL
MSME040,2026-04-01,0,1,0.10532281706582314,NORMAL
MSME040,2026-05-01,0,1,0.09028616183970434,NORMAL
MSME040,2026-06-01,0,1,0.08504024132132587,NORMAL
MSME041,2025-12-01,0,1,0.02250393106560067,NORMAL
MSME041,2026-01-01,0,1,0.03796686823839912,NORMAL
MSME041,2026-02-01,0,1,0.028225031986508164,NORMAL
MSME041,2026-03-01,0,1,0.03540430256778626,NORMAL
MSME041,2026-04-01,0,1,0.026601227390428583,NORMAL
MSME041,2026-05-01,0,1,0.028315089426325102,NORMAL
MSME041,2026-06-01,0,1,0.017209172397555705,NORMAL
MSME042,2025-12-01,0,1,0.07541468800316153,NORMAL
MSME042,2026-01-01,0,1,0.07114584559592635,NORMAL
MSME042,2026-02-01,0,1,0.0761214199481326,NORMAL
MSME042,2026-03-01,0,1,0.07936053940763621,NORMAL
MSME042,2026-04-01,0,1,0.07480834932176345,NORMAL
MSME042,2026-05-01,0,1,0.07651234403281054,NORMAL
MSME042,2026-06-01,0,1,0.06297094924932889,NORMAL
MSME043,2025-12-01,0,1,0.08778325574830714,NORMAL
MSME043,2026-01-01,0,1,0.09137675042302351,NORMAL
MSME043,2026-02-01,0,1,0.08877542461668042,NORMAL
MSME043,2026-03-01,0,1,0.08823804047428507,NORMAL
MSME043,2026-04-01,0,1,0.09397791368151598,NORMAL
MSME043,2026-05-01,0,1,0.08285065517961265,NORMAL
MSME043,2026-06-01,0,1,0.07723508248743471,NORMAL
MSME044,2025-12-01,1,1,0.07253373816006431,NORMAL
MSME044,2026-01-01,1,1,0.09836997001945824,NORMAL
MSME044,2026-02-01,1,1,0.06391979957311555,NORMAL
MSME044,2026-03-01,1,1,0.10877209834436191,NORMAL
MSME044,2026-04-01,1,1,0.11081027743951916,NORMAL
MSME044,2026-05-01,1,1,0.10673845851797448,NORMAL
MSME044,2026-06-01,1,1,0.09671803248716682,NORMAL
MSME045,2025-12-01,0,1,0.08402873034552694,NORMAL
MSME045,2026-01-01,0,1,0.09032073458854462,NORMAL
MSME045,2026-02-01,0,1,0.09771654527648355,NORMAL
MSME045,2026-03-01,0,1,0.08769502132551887,NORMAL
MSME045,2026-04-01,0,1,0.09575927251861543,NORMAL
MSME045,2026-05-01,0,1,0.09366664520172974,NORMAL
MSME045,2026-06-01,0,1,0.0833988875991854,NORMAL
MSME046,2025-12-01,0,1,0.08135832615530292,NORMAL
MSME046,2026-01-01,0,1,0.08505604758475388,NORMAL
MSME046,2026-02-01,0,1,0.08680138286083089,NORMAL
MSME046,2026-03-01,0,1,0.0877599142998311,NORMAL
MSME046,2026-04-01,0,1,0.07798497411812089,NORMAL
MSME046,2026-05-01,0,1,0.08272536498433702,NORMAL
MSME046,2026-06-01,0,1,0.07554433646657044,NORMAL
MSME047,2025-12-01,0,1,0.0648986980437159,NORMAL
MSME047,2026-01-01,0,1,0.05786401449593742,NORMAL
MSME047,2026-02-01,0,1,0.02962945969790065,NORMAL
MSME047,2026-03-01,0,1,0.03991214814409122,NORMAL
MSME047,2026-04-01,0,1,0.044264511939502815,NORMAL
MSME047,2026-05-01,0,1,0.03907257198680636,NORMAL
MSME047,2026-06-01,0,1,0.03570344487059296,NORMAL
MSME048,2025-12-01,0,1,0.03904227883070632,NORMAL
MSME048,2026-01-01,0,1,0.06703727976447721,NORMAL
MSME048,2026-02-01,0,1,0.05944858388329827,NORMAL
MSME048,2026-03-01,0,1,0.0636234313585749,NORMAL
MSME048,2026-04-01,0,1,0.0604450990286895,NORMAL
MSME048,2026-05-01,1,1,0.05349752503567351,NORMAL
MSME048,2026-06-01,0,1,0.023973789491987474,NORMAL
MSME049,2025-12-01,1,1,0.025902754421733842,NORMAL
MSME049,2026-01-01,1,1,0.022828869898428028,NORMAL
MSME049,2026-02-01,1,1,0.0345613751322994,NORMAL
MSME049,2026-03-01,1,1,0.03810692826078821,NORMAL
MSME049,2026-04-01,2,1,0.04161384098100451,NORMAL
MSME049,2026-05-01,2,1,0.01449453598726469,NORMAL
MSME049,2026-06-01,2,1,0.012879971981299199,NORMAL
MSME050,2025-12-01,1,1,0.10196846347514055,NORMAL
MSME050,2026-01-01,1,1,0.09943874883230702,NORMAL
MSME050,2026-02-01,1,1,0.10859974823216456,NORMAL
MSME050,2026-03-01,1,1,0.11381676522926598,NORMAL
MSME050,2026-04-01,1,1,0.1103656846275683,NORMAL
MSME050,2026-05-01,1,1,0.09654058865030746,NORMAL
MSME050,2026-06-01,1,1,0.09333014759501768,NORMAL
MSME051,2025-12-01,0,1,0.091359524013443,NORMAL
MSME051,2026-01-01,0,1,0.08860115487743031,NORMAL
MSME051,2026-02-01,0,1,0.06500124306969612,NORMAL
MSME051,2026-03-01,0,1,0.10258193004968968,NORMAL
MSME051,2026-04-01,0,1,0.09726852741217634,NORMAL
MSME051,2026-05-01,0,1,0.09472410023222305,NORMAL
MSME051,2026-06-01,1,1,0.08018968586003444,NORMAL
MSME052,2025-12-01,0,1,0.10066604232219978,NORMAL
MSME052,2026-01-01,0,1,0.07485945925686249,NORMAL
MSME052,2026-02-01,0,1,0.08858347863362348,NORMAL
MSME052,2026-03-01,0,1,0.1089906032000385,NORMAL
MSME052,2026-04-01,0,1,0.10877056810907165,NORMAL
MSME052,2026-05-01,0,1,0.10440848340793013,NORMAL
MSME052,2026-06-01,0,1,0.09062069779616289,NORMAL
MSME053,2025-12-01,0,1,0.0835062948754075,NORMAL
MSME053,2026-01-01,0,1,0.09389208770318269,NORMAL
MSME053,2026-02-01,0,1,0.08770768629316711,NORMAL
MSME053,2026-03-01,0,1,0.10549075280315967,NORMAL
MSME053,2026-04-01,0,1,0.09788869050468574,NORMAL
MSME053,2026-05-01,0,1,0.0986708115858318,NORMAL
MSME053,2026-06-01,0,1,0.07626271112042904,NORMAL
MSME054,2025-12-01,0,-1,-0.02655628772076013,ANOMALY
MSME054,2026-01-01,0,-1,-0.04856453392920368,ANOMALY
MSME054,2026-02-01,0,-1,-0.04690666684258549,ANOMALY
MSME054,2026-03-01,0,-1,-0.04290757017954805,ANOMALY
MSME054,2026-04-01,0,-1,-0.04376986601428123,ANOMALY
MSME054,2026-05-01,0,-1,-0.04999377793257864,ANOMALY
MSME054,2026-06-01,0,-1,-0.048830073734901225,ANOMALY
MSME055,2025-12-01,0,1,0.05157308168197844,NORMAL
MSME055,2026-01-01,0,1,0.0675687634112731,NORMAL
MSME055,2026-02-01,0,1,0.04750647969396149,NORMAL
MSME055,2026-03-01,0,1,0.07205970606592343,NORMAL
MSME055,2026-04-01,0,1,0.06749113811448137,NORMAL
MSME055,2026-05-01,0,1,0.06571390151055367,NORMAL
MSME055,2026-06-01,0,1,0.053785680972284255,NORMAL
MSME056,2025-12-01,1,1,0.0929728916382001,NORMAL
MSME056,2026-01-01,1,1,0.09168753878771368,NORMAL
MSME056,2026-02-01,1,1,0.10659049903322099,NORMAL
MSME056,2026-03-01,1,1,0.10699084367018624,NORMAL
MSME056,2026-04-01,1,1,0.10518250666888301,NORMAL
MSME056,2026-05-01,1,1,0.09368688714120804,NORMAL
MSME056,2026-06-01,1,1,0.09171233016095304,NORMAL
MSME057,2025-12-01,0,1,0.01021138147751699,NORMAL
MSME057,2026-01-01,0,1,0.02414895997329114,NORMAL
MSME057,2026-02-01,0,1,0.02099174876783738,NORMAL
MSME057,2026-03-01,0,1,0.01754419382940653,NORMAL
MSME057,2026-04-01,0,1,0.009485023695161798,NORMAL
MSME057,2026-05-01,0,1,0.011233271532505973,NORMAL
MSME057,2026-06-01,0,1,0.015685231038819802,NORMAL
MSME058,2025-12-01,0,1,0.0054375987123236325,NORMAL
MSME058,2026-01-01,0,-1,-0.012551048397593467,ANOMALY
MSME058,2026-02-01,0,-1,-0.003107095977059826,ANOMALY
MSME058,2026-03-01,0,-1,-0.009588288443134751,ANOMALY
MSME058,2026-04-01,0,-1,-0.01102609425515566,ANOMALY
MSME058,2026-05-01,0,-1,-0.012317028031475274,ANOMALY
MSME058,2026-06-01,0,-1,-0.01804036400591713,ANOMALY
MSME059,2025-12-01,0,1,0.08874719366604022,NORMAL
MSME059,2026-01-01,0,1,0.0918107743569958,NORMAL
MSME059,2026-02-01,0,1,0.07677326173519144,NORMAL
MSME059,2026-03-01,0,1,0.09144313387271791,NORMAL
MSME059,2026-04-01,0,1,0.09032303247411905,NORMAL
MSME059,2026-05-01,0,1,0.08825460684252934,NORMAL
MSME059,2026-06-01,0,1,0.0699120755053797,NORMAL
MSME060,2025-12-01,0,1,0.07417527522169481,NORMAL
MSME060,2026-01-01,0,1,0.07838080175250112,NORMAL
MSME060,2026-02-01,0,1,0.07342602690866257,NORMAL
MSME060,2026-03-01,0,1,0.07556371158123015,NORMAL
MSME060,2026-04-01,0,1,0.07462972607729235,NORMAL
MSME060,2026-05-01,0,1,0.06466783652471791,NORMAL
MSME060,2026-06-01,0,1,0.05811828291631177,NORMAL
MSME061,2025-12-01,0,1,0.07656745176636875,NORMAL
MSME061,2026-01-01,0,1,0.07626026449957896,NORMAL
MSME061,2026-02-01,0,1,0.08526383232949147,NORMAL
MSME061,2026-03-01,0,1,0.07909232556625934,NORMAL
MSME061,2026-04-01,1,1,0.08708975359192195,NORMAL
MSME061,2026-05-01,1,1,0.08298822253624205,NORMAL
MSME061,2026-06-01,1,1,0.06999698823338818,NORMAL
MSME062,2025-12-01,0,1,0.07411779030459259,NORMAL
MSME062,2026-01-01,0,1,0.09094575151320677,NORMAL
MSME062,2026-02-01,0,1,0.08824825791116714,NORMAL
MSME062,2026-03-01,0,1,0.09581743426251821,NORMAL
MSME062,2026-04-01,0,1,0.09060643894282266,NORMAL
MSME062,2026-05-01,0,1,0.07914121913845817,NORMAL
MSME062,2026-06-01,0,1,0.06083328715133668,NORMAL
MSME063,2025-12-01,0,1,0.08291243717747532,NORMAL
MSME063,2026-01-01,0,1,0.07766455538628603,NORMAL
MSME063,2026-02-01,0,1,0.05420357376875734,NORMAL
MSME063,2026-03-01,0,1,0.04844242611900712,NORMAL
MSME063,2026-04-01,0,1,0.059693956247492574,NORMAL
MSME063,2026-05-01,0,1,0.06315300831960013,NORMAL
MSME063,2026-06-01,0,1,0.048436213038834,NORMAL
MSME064,2025-12-01,0,1,0.0797228436088605,NORMAL
MSME064,2026-01-01,0,1,0.08811863728918234,NORMAL
MSME064,2026-02-01,0,1,0.05426399798559256,NORMAL
MSME064,2026-03-01,0,1,0.0838973144373582,NORMAL
MSME064,2026-04-01,0,1,0.08478108712777022,NORMAL
MSME064,2026-05-01,0,1,0.07653657735922176,NORMAL
MSME064,2026-06-01,0,1,0.07307180068220187,NORMAL
MSME065,2025-12-01,0,1,0.07403587208139006,NORMAL
MSME065,2026-01-01,0,1,0.07727342820964189,NORMAL
MSME065,2026-02-01,0,1,0.07875852704646102,NORMAL
MSME065,2026-03-01,0,1,0.06529380995354617,NORMAL
MSME065,2026-04-01,0,1,0.07502707144665499,NORMAL
MSME065,2026-05-01,0,1,0.06631966320462429,NORMAL
MSME065,2026-06-01,0,1,0.07830849749952834,NORMAL
MSME066,2025-12-01,1,1,0.009856962363457566,NORMAL
MSME066,2026-01-01,1,-1,-0.009655038937461002,ANOMALY
MSME066,2026-02-01,1,1,0.014870724237775912,NORMAL
MSME066,2026-03-01,1,1,0.01990404308419058,NORMAL
MSME066,2026-04-01,1,1,0.02524868819619308,NORMAL
MSME066,2026-05-01,2,1,0.015517524068735633,NORMAL
MSME066,2026-06-01,2,1,0.01517365675181126,NORMAL
MSME067,2025-12-01,1,1,0.070824394772047,NORMAL
MSME067,2026-01-01,1,1,0.06981538780216595,NORMAL
MSME067,2026-02-01,1,1,0.07035916655717195,NORMAL
MSME067,2026-03-01,2,1,0.07466766185264345,NORMAL
MSME067,2026-04-01,2,1,0.06967808592196617,NORMAL
MSME067,2026-05-01,2,1,0.05510244465911446,NORMAL
MSME067,2026-06-01,2,1,0.05628459159694138,NORMAL
MSME068,2025-12-01,1,1,0.03580050538258506,NORMAL
MSME068,2026-01-01,1,1,0.052774854195197785,NORMAL
MSME068,2026-02-01,1,1,0.045927108340522826,NORMAL
MSME068,2026-03-01,1,1,0.04743109145344693,NORMAL
MSME068,2026-04-01,1,1,0.04154515867563491,NORMAL
MSME068,2026-05-01,1,1,0.03813261861278244,NORMAL
MSME068,2026-06-01,1,1,0.029948886983125922,NORMAL
MSME069,2025-12-01,1,-1,-0.0012709891178461774,ANOMALY
MSME069,2026-01-01,1,1,0.024641917819852477,NORMAL
MSME069,2026-02-01,1,-1,-0.0013841581974106676,ANOMALY
MSME069,2026-03-01,1,1,0.020353107326524178,NORMAL
MSME069,2026-04-01,1,1,0.011503580180528994,NORMAL
MSME069,2026-05-01,1,1,0.010166254369597727,NORMAL
MSME069,2026-06-01,2,1,0.006537058659493278,NORMAL
MSME070,2025-12-01,2,1,0.07873921240577608,NORMAL
MSME070,2026-01-01,2,1,0.07529552271347423,NORMAL
MSME070,2026-02-01,2,1,0.07760180121178845,NORMAL
MSME070,2026-03-01,2,1,0.08808266105972595,NORMAL
MSME070,2026-04-01,2,1,0.08379433463132413,NORMAL
MSME070,2026-05-01,2,1,0.07157562097990433,NORMAL
MSME070,2026-06-01,2,1,0.06662297789309668,NORMAL
MSME071,2025-12-01,1,1,0.03732715097087702,NORMAL
MSME071,2026-01-01,1,1,0.024802970435132465,NORMAL
MSME071,2026-02-01,1,1,0.026317731345947504,NORMAL
MSME071,2026-03-01,1,1,0.027159924595912766,NORMAL
MSME071,2026-04-01,1,1,0.02372811424455612,NORMAL
MSME071,2026-05-01,1,1,0.026493888535901178,NORMAL
MSME071,2026-06-01,1,1,0.027197091156936137,NORMAL
MSME072,2025-12-01,0,1,0.0823283978917197,NORMAL
MSME072,2026-01-01,0,1,0.08339596621382112,NORMAL
MSME072,2026-02-01,0,1,0.06658360543988306,NORMAL
MSME072,2026-03-01,0,1,0.08893914178358975,NORMAL
MSME072,2026-04-01,1,1,0.08115004131848774,NORMAL
MSME072,2026-05-01,1,1,0.06956280114589358,NORMAL
MSME072,2026-06-01,1,1,0.08025057093449822,NORMAL
MSME073,2025-12-01,1,1,0.010580246785116043,NORMAL
MSME073,2026-01-01,1,1,0.01318190155543375,NORMAL
MSME073,2026-02-01,1,1,0.014336526724916587,NORMAL
MSME073,2026-03-01,1,1,0.017449154467393813,NORMAL
MSME073,2026-04-01,1,1,0.027248226628061478,NORMAL
MSME073,2026-05-01,1,1,0.02440763494249576,NORMAL
MSME073,2026-06-01,1,1,0.01624760883038101,NORMAL
MSME074,2025-12-01,1,1,0.06551093092970717,NORMAL
MSME074,2026-01-01,1,1,0.07731946828575614,NORMAL
MSME074,2026-02-01,1,1,0.06905069289350041,NORMAL
MSME074,2026-03-01,1,1,0.06939038088503424,NORMAL
MSME074,2026-04-01,1,1,0.06733204903042606,NORMAL
MSME074,2026-05-01,1,1,0.05362323548408893,NORMAL
MSME074,2026-06-01,1,1,0.04013545631284565,NORMAL
MSME075,2025-12-01,1,1,0.0053910214865176,NORMAL
MSME075,2026-01-01,1,1,0.011457830233725153,NORMAL
MSME075,2026-02-01,1,1,0.010044765832243119,NORMAL
MSME075,2026-03-01,1,-1,-0.0007418239283207839,ANOMALY
MSME075,2026-04-01,1,1,0.005302817968652729,NORMAL
MSME075,2026-05-01,1,1,0.006599391863024495,NORMAL
MSME075,2026-06-01,1,1,0.00783890853422331,NORMAL
MSME076,2025-12-01,1,1,0.09999289390292565,NORMAL
MSME076,2026-01-01,1,1,0.10874613722992998,NORMAL
MSME076,2026-02-01,1,1,0.10768365924693013,NORMAL
MSME076,2026-03-01,2,1,0.10639997139472229,NORMAL
MSME076,2026-04-01,2,1,0.10067441945964689,NORMAL
MSME076,2026-05-01,2,1,0.10912039757132719,NORMAL
MSME076,2026-06-01,2,1,0.08830032523773307,NORMAL
MSME077,2025-12-01,0,1,0.04196398970685994,NORMAL
MSME077,2026-01-01,1,1,0.046033534924909913,NORMAL
MSME077,2026-02-01,1,1,0.0619368110748682,NORMAL
MSME077,2026-03-01,1,1,0.07725645561109362,NORMAL
MSME077,2026-04-01,1,1,0.07149967676830893,NORMAL
MSME077,2026-05-01,1,1,0.0669501563593341,NORMAL
MSME077,2026-06-01,1,1,0.0454733686037197,NORMAL
MSME078,2025-12-01,1,1,0.0823443231340345,NORMAL
MSME078,2026-01-01,1,1,0.07238736247471572,NORMAL
MSME078,2026-02-01,1,1,0.08594908278569441,NORMAL
MSME078,2026-03-01,2,1,0.09289980814854659,NORMAL
MSME078,2026-04-01,2,1,0.08863378301450858,NORMAL
MSME078,2026-05-01,2,1,0.08249509662118487,NORMAL
MSME078,2026-06-01,2,1,0.06419525254937158,NORMAL
MSME079,2025-12-01,1,1,0.054916171963126426,NORMAL
MSME079,2026-01-01,1,1,0.04256981417808425,NORMAL
MSME079,2026-02-01,1,1,0.05493184219115094,NORMAL
MSME079,2026-03-01,1,1,0.050127016011326464,NORMAL
MSME079,2026-04-01,1,1,0.06479149566169035,NORMAL
MSME079,2026-05-01,1,1,0.05523742428586487,NORMAL
MSME079,2026-06-01,1,1,0.046835025498465466,NORMAL
MSME080,2025-12-01,1,1,0.06662499400610478,NORMAL
MSME080,2026-01-01,1,1,0.06668650332792636,NORMAL
MSME080,2026-02-01,1,1,0.06803005299549514,NORMAL
MSME080,2026-03-01,1,1,0.06107342436011526,NORMAL
MSME080,2026-04-01,1,1,0.06284115382026528,NORMAL
MSME080,2026-05-01,1,1,0.059081831884520264,NORMAL
MSME080,2026-06-01,1,1,0.05256967493761955,NORMAL
MSME081,2025-12-01,1,1,0.05392019589464003,NORMAL
MSME081,2026-01-01,1,1,0.054645879675213005,NORMAL
MSME081,2026-02-01,1,1,0.05673823798663502,NORMAL
MSME081,2026-03-01,1,1,0.04824033083879986,NORMAL
MSME081,2026-04-01,1,1,0.04367446799551722,NORMAL
MSME081,2026-05-01,2,1,0.04658569814338387,NORMAL
MSME081,2026-06-01,1,1,0.030361411049723452,NORMAL
MSME082,2025-12-01,0,1,0.09903870450921298,NORMAL
MSME082,2026-01-01,0,1,0.09227032209972391,NORMAL
MSME082,2026-02-01,1,1,0.09031052548135388,NORMAL
MSME082,2026-03-01,1,1,0.10208209031542242,NORMAL
MSME082,2026-04-01,1,1,0.10551830187361444,NORMAL
MSME082,2026-05-01,1,1,0.09234342964132614,NORMAL
MSME082,2026-06-01,1,1,0.08693443790168759,NORMAL
MSME083,2025-12-01,1,-1,-0.02278529386878425,ANOMALY
MSME083,2026-01-01,1,-1,-0.01757553511088461,ANOMALY
MSME083,2026-02-01,1,-1,-0.0058972559655974255,ANOMALY
MSME083,2026-03-01,1,-1,-0.01977851771727912,ANOMALY
MSME083,2026-04-01,1,-1,-0.007597931363476307,ANOMALY
MSME083,2026-05-01,1,-1,-0.00842455630970429,ANOMALY
MSME083,2026-06-01,1,-1,-0.010552893693201004,ANOMALY
MSME084,2025-12-01,1,1,0.03589581799935471,NORMAL
MSME084,2026-01-01,1,1,0.057415737632447006,NORMAL
MSME084,2026-02-01,1,1,0.05374297661719041,NORMAL
MSME084,2026-03-01,1,1,0.02644391761889453,NORMAL
MSME084,2026-04-01,1,1,0.05553867627634579,NORMAL
MSME084,2026-05-01,1,1,0.05022635328411168,NORMAL
MSME084,2026-06-01,1,1,0.034276012810195655,NORMAL
MSME085,2025-12-01,1,1,0.08000083312211026,NORMAL
MSME085,2026-01-01,1,1,0.07399056950331845,NORMAL
MSME085,2026-02-01,1,1,0.08615456585015191,NORMAL
MSME085,2026-03-01,1,1,0.08291561256571772,NORMAL
MSME085,2026-04-01,1,1,0.08350176989985053,NORMAL
MSME085,2026-05-01,1,1,0.08178212086071368,NORMAL
MSME085,2026-06-01,1,1,0.07499797837554145,NORMAL
MSME086,2025-12-01,1,1,0.06446855617785341,NORMAL
MSME086,2026-01-01,0,1,0.07689553165919255,NORMAL
MSME086,2026-02-01,1,1,0.07550248352297739,NORMAL
MSME086,2026-03-01,1,1,0.0962820593594727,NORMAL
MSME086,2026-04-01,2,1,0.0948465521693641,NORMAL
MSME086,2026-05-01,2,1,0.08830489055557633,NORMAL
MSME086,2026-06-01,2,1,0.08597408721133049,NORMAL
MSME087,2025-12-01,1,1,0.06547583296188303,NORMAL
MSME087,2026-01-01,1,1,0.06262620933453117,NORMAL
MSME087,2026-02-01,1,1,0.061819695249699436,NORMAL
MSME087,2026-03-01,1,1,0.06850929099409797,NORMAL
MSME087,2026-04-01,2,1,0.05291300620806516,NORMAL
MSME087,2026-05-01,2,1,0.041210724811830024,NORMAL
MSME087,2026-06-01,2,1,0.014466641971676242,NORMAL
MSME088,2025-12-01,1,1,0.06250438724485685,NORMAL
MSME088,2026-01-01,1,1,0.06228268053632252,NORMAL
MSME088,2026-02-01,1,1,0.06279289470767035,NORMAL
MSME088,2026-03-01,1,1,0.06644028681147252,NORMAL
MSME088,2026-04-01,1,1,0.07430447859283884,NORMAL
MSME088,2026-05-01,1,1,0.06453354068378897,NORMAL
MSME088,2026-06-01,1,1,0.05601639945677389,NORMAL
MSME089,2025-12-01,1,1,0.019552016665006722,NORMAL
MSME089,2026-01-01,1,-1,-0.0037335568369443184,ANOMALY
MSME089,2026-02-01,1,1,0.001381512753822478,NORMAL
MSME089,2026-03-01,1,1,0.008558906796506505,NORMAL
MSME089,2026-04-01,1,1,0.0007088365730323343,NORMAL
MSME089,2026-05-01,2,-1,-0.002833758098435779,ANOMALY
MSME089,2026-06-01,1,-1,-0.0023603140721896176,ANOMALY
MSME090,2025-12-01,1,1,0.07142742656132489,NORMAL
MSME090,2026-01-01,1,1,0.07782431075900553,NORMAL
MSME090,2026-02-01,1,1,0.09582661105867918,NORMAL
MSME090,2026-03-01,1,1,0.09608342470131559,NORMAL
MSME090,2026-04-01,1,1,0.09547721082803573,NORMAL
MSME090,2026-05-01,1,1,0.09473551718638251,NORMAL
MSME090,2026-06-01,1,1,0.08346467330739038,NORMAL
MSME091,2025-12-01,1,-1,-0.004977335921108272,ANOMALY
MSME091,2026-01-01,1,-1,-0.011570442490015154,ANOMALY
MSME091,2026-02-01,1,-1,-0.005953719171409078,ANOMALY
MSME091,2026-03-01,2,-1,-0.017886365503436696,ANOMALY
MSME091,2026-04-01,2,-1,-0.01510523989813839,ANOMALY
MSME091,2026-05-01,2,-1,-0.025561500387306535,ANOMALY
MSME091,2026-06-01,2,-1,-0.02972390344375342,ANOMALY
MSME092,2025-12-01,1,1,0.027822267126834332,NORMAL
MSME092,2026-01-01,1,1,0.019670539904393047,NORMAL
MSME092,2026-02-01,1,1,0.014640468239096704,NORMAL
MSME092,2026-03-01,1,1,0.03297792412779321,NORMAL
MSME092,2026-04-01,1,1,0.028173962484162374,NORMAL
MSME092,2026-05-01,1,1,0.01725937935366806,NORMAL
MSME092,2026-06-01,2,1,0.005623958524810568,NORMAL
MSME093,2025-12-01,2,-1,-0.06372982918160575,ANOMALY
MSME093,2026-01-01,2,-1,-0.06537859721253225,ANOMALY
MSME093,2026-02-01,2,-1,-0.04908013099011066,ANOMALY
MSME093,2026-03-01,1,-1,-0.07928210309732298,ANOMALY
MSME093,2026-04-01,1,-1,-0.0711679539489144,ANOMALY
MSME093,2026-05-01,2,-1,-0.06888930457817977,ANOMALY
MSME093,2026-06-01,2,-1,-0.06456279056322722,ANOMALY
MSME094,2025-12-01,2,1,0.01193052491947233,NORMAL
MSME094,2026-01-01,2,1,0.005675592743765168,NORMAL
MSME094,2026-02-01,2,1,0.002711978826548833,NORMAL
MSME094,2026-03-01,2,1,0.01097897184334018,NORMAL
MSME094,2026-04-01,2,-1,-0.0001786802073003857,ANOMALY
MSME094,2026-05-01,2,-1,-0.006638343411696002,ANOMALY
MSME094,2026-06-01,2,-1,-0.016390458638353977,ANOMALY
MSME095,2025-12-01,2,-1,-0.039274438937011324,ANOMALY
MSME095,2026-01-01,2,-1,-0.039561266326100575,ANOMALY
MSME095,2026-02-01,1,-1,-0.04194649293828745,ANOMALY
MSME095,2026-03-01,2,-1,-0.03987364037021346,ANOMALY
MSME095,2026-04-01,1,-1,-0.03725312973675232,ANOMALY
MSME095,2026-05-01,1,-1,-0.04654444914549216,ANOMALY
MSME095,2026-06-01,1,-1,-0.04035202238356106,ANOMALY
MSME096,2025-12-01,1,-1,-0.04593658999338068,ANOMALY
MSME096,2026-01-01,1,-1,-0.04472867057278462,ANOMALY
MSME096,2026-02-01,1,-1,-0.05436072089008914,ANOMALY
MSME096,2026-03-01,1,-1,-0.05763587853910812,ANOMALY
MSME096,2026-04-01,1,-1,-0.05431775624972157,ANOMALY
MSME096,2026-05-01,2,-1,-0.06378980055721806,ANOMALY
MSME096,2026-06-01,2,-1,-0.06757775774855102,ANOMALY
MSME097,2025-12-01,2,1,0.012629984271529282,NORMAL
MSME097,2026-01-01,2,1,0.011339964548585213,NORMAL
MSME097,2026-02-01,2,1,0.0013969098440944627,NORMAL
MSME097,2026-03-01,2,1,0.011691889760013341,NORMAL
MSME097,2026-04-01,2,1,0.004435990588304017,NORMAL
MSME097,2026-05-01,2,-1,-0.010618494427367065,ANOMALY
MSME097,2026-06-01,2,-1,-0.0245403750078117,ANOMALY
MSME098,2025-12-01,2,-1,-0.03219143108692424,ANOMALY
MSME098,2026-01-01,2,-1,-0.02445428662818616,ANOMALY
MSME098,2026-02-01,2,-1,-0.043171902598606704,ANOMALY
MSME098,2026-03-01,2,-1,-0.025008043582004147,ANOMALY
MSME098,2026-04-01,2,-1,-0.030687162966815396,ANOMALY
MSME098,2026-05-01,2,-1,-0.04037007856841768,ANOMALY
MSME098,2026-06-01,2,-1,-0.04549515414847072,ANOMALY
MSME099,2025-12-01,2,-1,-0.014316409724990264,ANOMALY
MSME099,2026-01-01,2,1,0.0056522645240425495,NORMAL
MSME099,2026-02-01,2,1,0.012326475494218614,NORMAL
MSME099,2026-03-01,2,-1,-0.0020276905424402303,ANOMALY
MSME099,2026-04-01,2,1,0.01118585667663441,NORMAL
MSME099,2026-05-01,2,1,0.00549538728172283,NORMAL
MSME099,2026-06-01,2,-1,-0.016193568721962315,ANOMALY
MSME100,2025-12-01,1,1,0.008271876463479155,NORMAL
MSME100,2026-01-01,1,-1,-0.01223351655355387,ANOMALY
MSME100,2026-02-01,1,1,0.009872697986922585,NORMAL
MSME100,2026-03-01,2,1,0.0007683832392124668,NORMAL
MSME100,2026-04-01,2,1,0.005270843335816622,NORMAL
MSME100,2026-05-01,2,1,0.0011483168855868087,NORMAL
MSME100,2026-06-01,2,-1,-0.0020853589128650984,ANOMALY
