feature,importance
cash_ratio,0.11607820795276276
cash_growth,0.11451461606708942
cash_balance,0.08814227554426313
debt_service_ratio,0.08429977786443271
receivable_ratio,0.08397084154847477
profit,0.08200284285846496
receivable_growth,0.08018458659701401
profit_margin,0.0626774610272403
accounts_receivable,0.03711025585642635
revenue,0.036057929780953984
accounts_payable,0.024582188228495422
loan_outstanding,0.024515015579444556
expenses,0.02378950909495456
employee_count,0.022325140527794787
working_capital,0.021379476542895192
loan_emi,0.02094883910036398
revenue_growth,0.019352059202604164
inventory_value,0.018300289737021334
payable_ratio,0.01686239620357161
expense_growth,0.014378892616124817
inventory_ratio,0.008527398069607235
