feature,shap_value,absolute_importance
profit,0.09716682351201977,0.09716682351201977
receivable_growth,0.07689992745595349,0.07689992745595349
cash_ratio,0.07515574442297424,0.07515574442297424
cash_growth,0.07152435202646791,0.07152435202646791
receivable_ratio,0.06725532397881938,0.06725532397881938
cash_balance,0.06611161683396191,0.06611161683396191
debt_service_ratio,0.054449467653638506,0.054449467653638506
profit_margin,0.049160087861300245,0.049160087861300245
revenue,0.030024960876731455,0.030024960876731455
inventory_value,0.01755938165234802,0.01755938165234802
expenses,0.014992803195309412,0.014992803195309412
accounts_receivable,0.013213854311122169,0.013213854311122169
employee_count,0.012963730663429493,0.012963730663429493
revenue_growth,0.008363660974930824,0.008363660974930824
loan_emi,-0.006502483583936952,0.006502483583936952
working_capital,0.005359266045055723,0.005359266045055723
accounts_payable,0.004451296705952165,0.004451296705952165
expense_growth,0.003885859131721925,0.003885859131721925
inventory_ratio,0.0017528660386406858,0.0017528660386406858
payable_ratio,0.0012935759097805614,0.0012935759097805614
loan_outstanding,0.0003447264648816597,0.0003447264648816597
